Workbook

Sheet Sheet1
A3: Centro de trabajo | B3: U | C3: E | D3: Tiempo prep (h.e.)
A4: 1 | B4: 0.96 | C4: 0.98 | D4: 0.75
A5: 2 | B5: 0.97 | C5: 0.97 | D5: 0.25 | F5: Tamano lote | G5: 250
A6: 3 | B6: 0.95 | C6: 0.99 | D6: 0.1
A8: Operación | B8: CT | C8: tr | D8: d
A9: 1 | B9: 3 | C9: 0.045 | D9: 0.04
A10: 2 | B10: 2 | C10: 0.02 | D10: 0.02
A11: 3 | B11: 1 | C11: 0.01 | D11: 0.03
A12: 4 | B12: 3 | C12: 0.03 | D12: 0.01
A13: 5 | B13: 1 | C13: 0.05 | D13: 0.05
A15: Operación | B15: tr | C15: CT | D15: U | E15: E | F15: te (h.e.) | G15: tprep | H15: tcarga unitario | I15: TCarga lote | K15: Centro de Trabajo | L15: TCarga lote
A16: 1 | B16: 0.045 | C16: 3 | D16: =VLOOKUP(C16,$A$4:$B$6,2) -> 0.95 | E16: =VLOOKUP(C16,$A$4:$D$6,3) -> 0.99 | F16: =B16*D16*E16 -> 0.0423225 | G16: =VLOOKUP(C16,$A$4:$D$6,4) -> 0.1 | H16: =F16+G16/$G$5 -> 0.0427225 | I16: =H16*$G$5 -> 10.680625 | K16: 1 | L16: =I18+I20 -> 15.612
A17: 2 | B17: 0.02 | C17: =B10 -> 2 | D17: =VLOOKUP(C17,$A$4:$B$6,2) -> 0.97 | E17: =VLOOKUP(C17,$A$4:$D$6,3) -> 0.97 | F17: =B17*D17*E17 -> 0.018818 | G17: =VLOOKUP(C17,$A$4:$D$6,4) -> 0.25 | H17: =F17+G17/$G$5 -> 0.019818 | I17: =H17*$G$5 -> 4.9545 | K17: 2 | L17: =I17 -> 4.9545
A18: 3 | B18: 0.01 | C18: =B11 -> 1 | D18: =VLOOKUP(C18,$A$4:$B$6,2) -> 0.96 | E18: =VLOOKUP(C18,$A$4:$D$6,3) -> 0.98 | F18: =B18*D18*E18 -> 0.009408 | G18: =VLOOKUP(C18,$A$4:$D$6,4) -> 0.75 | H18: =F18+G18/$G$5 -> 0.012408 | I18: =H18*$G$5 -> 3.102 | K18: 3 | L18: =I16+I19 -> 17.834375
A19: 4 | B19: 0.03 | C19: =B12 -> 3 | D19: =VLOOKUP(C19,$A$4:$B$6,2) -> 0.95 | E19: =VLOOKUP(C19,$A$4:$D$6,3) -> 0.99 | F19: =B19*D19*E19 -> 0.028215 | G19: =VLOOKUP(C19,$A$4:$D$6,4) -> 0.1 | H19: =F19+G19/$G$5 -> 0.028615 | I19: =H19*$G$5 -> 7.15375 | K19: Total | L19: =I16+I17+I19+I20 -> 35.298875
A20: 5 | B20: 0.05 | C20: =B13 -> 1 | D20: =VLOOKUP(C20,$A$4:$B$6,2) -> 0.96 | E20: =VLOOKUP(C20,$A$4:$D$6,3) -> 0.98 | F20: =B20*D20*E20 -> 0.04704 | G20: =VLOOKUP(C20,$A$4:$D$6,4) -> 0.75 | H20: =F20+G20/$G$5 -> 0.05004 | I20: =H20*$G$5 -> 12.51

Sheet Sheet2
A14: Operación | B14: d | C14: tcarga unitario | D14: a | E14: ar | F14: tcarga unitario (def) | G14: TCarga lote (def) | L14: Centro de Trabajo | M14: TCarga lote
A15: 1 | B15: 0.04 | C15: =Sheet1!H16 -> 0.0427225 | D15: =1-B15 -> 0.96 | E15: =D15*MIN(E16:E17) -> 0.8757936 | F15: =C15/E15 -> 0.048781471 | G15: =F15*Sheet1!$G$5 -> 12.195368 | L15: 1 | M15: =G19+G17 -> 16.568674
A16: 2 | B16: 0.02 | C16: =Sheet1!H17 -> 0.019818 | D16: =1-B16 -> 0.98 | E16: =D16*E18 -> 0.92169 | F16: =C16/E16 -> 0.021501806 | G16: =F16*Sheet1!$G$5 -> 5.3754516 | L16: 2 | M16: =G16 -> 5.3754516
A17: 3 | B17: 0.03 | C17: =Sheet1!H18 -> 0.012408 | D17: =1-B17 -> 0.97 | E17: =D17*E18 -> 0.912285 | F17: =C17/E17 -> 0.013601013 | G17: =F17*Sheet1!$G$5 -> 3.4002532 | L17: 3 | M17: =G15+G18 -> 19.801694
A18: 4 | B18: 0.01 | C18: =Sheet1!H19 -> 0.028615 | D18: =1-B18 -> 0.99 | E18: =D18*E19 -> 0.9405 | F18: =C18/E18 -> 0.030425306 | G18: =F18*Sheet1!$G$5 -> 7.6063264 | K18: Tiempo total | M18: =G15+G16+G18+G19 -> 38.345567
A19: 5 | B19: 0.05 | C19: =Sheet1!H20 -> 0.05004 | D19: =1-B19 -> 0.95 | E19: =D19 -> 0.95 | F19: =C19/E19 -> 0.052673684 | G19: =F19*Sheet1!$G$5 -> 13.168421
B23: Aprovechamiento ruta | E23: =MIN(E15:E19) -> 0.8757936
B24: Lote a emitir | E24: =Sheet1!G5/Sheet2!E23 -> 285.45539
